{"cameraMode":{"drawMode":0,"name":"Shaded","section":"Shading Mode"},"sceneLighting":true,"audioPlay":false,"sceneViewState":{"showFog":true,"showMaterialUpdate":true,"showSkybox":true,"showFlares":true,"showImageEffects":true,"showParticleSystems":true},"in2DMode":false,"pivot":{"x":-6.265249252319336,"y":19.024545669555665,"z":9.227730751037598},"rotation":{"x":0.05479611083865166,"y":0.05330713838338852,"z":-0.0029298183508217336,"w":0.9970693588256836},"size":1.0463790893554688,"orthographic":false}