{"cameraMode":{"drawMode":0,"name":"Shaded","section":"Shading Mode"},"sceneLighting":false,"audioPlay":false,"sceneViewState":{"showFog":true,"showMaterialUpdate":true,"showSkybox":true,"showFlares":true,"showImageEffects":true,"showParticleSystems":true},"in2DMode":false,"pivot":{"x":-2.7825000286102297,"y":17.016870498657228,"z":15.0},"rotation":{"x":-0.13835783302783967,"y":0.03712459281086922,"z":-0.005190179217606783,"w":-0.9896726608276367},"size":3.777021646499634,"orthographic":false}