{"cameraMode":{"drawMode":0,"name":"Shaded","section":"Shading Mode"},"sceneLighting":false,"audioPlay":false,"sceneViewState":{"showFog":true,"showMaterialUpdate":true,"showSkybox":true,"showFlares":true,"showImageEffects":true,"showParticleSystems":true},"in2DMode":false,"pivot":{"x":0.0004448890686035156,"y":3.7112483978271486,"z":0.0},"rotation":{"x":0.3038524389266968,"y":-0.18563003838062287,"z":-0.060486145317554477,"w":-0.9325002431869507},"size":27.279470443725587,"orthographic":false}